genome_uuid	production_name
a73351f7-93e7-11ec-a39d-005056b38ce3	escherichia_coli_str_k_12_substr_mg1655
2afef36f-3660-4b8c-819b-d1e5a77c9918	mus_musculus_cbaj
980ccf6b-9841-46fa-b313-b068eb9b668a	salmo_salar_gca931346935v2
9caa2cae-d1c8-4cfc-9ffd-2e13bc3e95b1	homo_sapiens_gca018473315v1
65d4f21f-695a-4ed0-be67-5732a551fea4	homo_sapiens_gca018473295v1
2020e8d5-4d87-47af-be78-0b15e48970a7	homo_sapiens_gca018469415v1
114e90e0-aa35-4af6-9204-267c988328c3	homo_sapiens_gca018469425v1
75b7ac15-6373-4ad5-9fb7-23813a5355a4	homo_sapiens_gca018469875v1
ef282def-9a17-4b35-a344-0f0c559e54ab	homo_sapiens_gca018469925v1
1220d766-6fcb-4b80-9106-121f238c0b3d	homo_sapiens_gca018505825v1
8364a820-5485-42d7-a648-1a5eeb858319	homo_sapiens_gca018505865v1
d5d87e18-bcb2-4ef7-94c8-782fb45c17da	mus_musculus_nodshiltj
c3dcaca8-aaee-479f-aad8-c7a5e17b7e10	homo_sapiens_gca018852615v1
56d9b469-097f-48a7-8501-c8416bcbcdfb	homo_sapiens_gca021950905v1
63b4ffbf-0147-4aa7-b0af-7575bb822740	homo_sapiens_gca018852605v1
af073c3e-d087-46b0-bb62-310e89982450	homo_sapiens_gca021951015v1
ae794660-8751-41cc-8883-b2fcdc7a74e8	triticum_aestivum_landmark
c5646bf4-e7c5-446f-8c09-b84cde6daf62	homo_sapiens_gca018471535v1
a0f73c3d-8a6b-4024-b8e6-5ef3babd6166	homo_sapiens_gca018471525v1
f8f527ab-2f72-4676-8860-7ab8504b52d7	homo_sapiens_gca018473305v1
8e42ee2c-7a61-4840-ba1e-aae280168000	homo_sapiens_gca018472855v1
a73356e1-93e7-11ec-a39d-005056b38ce3	plasmodium_falciparum
aa67a6ec-fa98-4051-b3cb-35ac263df95d	homo_sapiens_gca018472865v1
5d2052b4-9d7a-46a5-bb85-d89d0656459a	homo_sapiens_gca018472845v1
feb866f5-ad6e-40c0-a173-ffa6c19c70f2	homo_sapiens_gca018472605v1
c5add743-a0fe-4fb4-b648-851e291cc05b	homo_sapiens_gca018472575v1
bcb4e029-6f91-452c-80e6-b56cf750da84	oryzias_latipes_gca947078845v1
dc98237b-2a1d-4eef-885d-6255d80fea67	homo_sapiens_gca018472835v1
9cc516a8-529e-4919-a429-0d7032e295c9	homo_sapiens_gca018472825v1
b0e6274c-9d1c-4cce-a296-2acdc89d94a4	homo_sapiens_gca018503245v1
a243824f-8ac4-4310-870e-c61430f7f49b	homo_sapiens_gca018503525v1
bd6bfb90-bd5e-46ee-9799-6da19beb7927	homo_sapiens_gca018503585v1
38648b93-6db7-44f7-9d9a-72c517100d38	homo_sapiens_gca018503575v1
8d432f0a-eeb9-4609-b1d8-317ef3511703	homo_sapiens_gca018472595v1
c54a9a5a-2f11-41e1-aeca-873933dc3ee0	homo_sapiens_gca018471515v1
ef299a72-e235-4c94-b0b7-e3ff0630fbec	homo_sapiens_gca018467165v1
e62c9bbf-86af-4b92-8f0f-e8841ec4195e	homo_sapiens_gca018467155v1
d7c7f211-336d-4245-8233-5d82e4f60c64	homo_sapiens_gca018472565v1
d142cee3-efe5-44d4-b645-76feaa1add0b	homo_sapiens_gca018472585v1
37e1dfd4-a5dd-479b-bdbd-6398fa050b79	mus_musculus_lpj
b00f5b0a-b434-4949-9c05-140826c96cd4	oryzias_latipes_gca947078865v1
1aa1f192-8cfe-4ed4-8ab6-6a61b1ea83de	mus_musculus_balbcj
1f22b00a-3fdf-450d-b406-a17759039af6	canis_lupus_familiarisgreatdane
bc23b9d8-e43d-490c-9e33-48a776b0b452	homo_sapiens_gca018504085v1
c6b529c7-2327-4aa8-ba4e-4e2379c39764	homo_sapiens_gca018504055v1
70b02cf3-d006-4a08-a09a-ade8adacbb5f	mus_musculus_akrj
e327126e-c395-4028-a8f9-a36d29436ad9	pan_troglodytes
b97feb81-b1d8-469a-b179-eaa79c99467c	sus_scrofa_tibetan
97f9c5be-41f5-4f55-a114-a9ccec2241b8	sus_scrofa_berkshire
c0970e36-d129-4b82-8e3b-0e3ee3bc3580	rattus_norvegicus_shrutx
b6b019db-e3f8-468d-9d07-6475597b81b0	homo_sapiens_gca018504645v1
08b99cae-d007-4284-b20b-9f222827edb6	homo_sapiens_gca018504365v1
b2a67d8c-8c84-4f56-9555-ad0b3741dd9f	oryzias_latipes_gca947078825v1
e5db98d4-a818-4142-bd95-4b4ada453230	mus_spretus
7c4c8bc7-ccac-419f-af7f-a1d66989bc3b	mus_musculus_aj
a16b4043-fcb9-4fd2-b43f-6ff3b4ba3b83	rattus_norvegicus_wkybbb
aa467e70-871c-4989-99d9-b67306bca51e	oryza_sativa_zs97
93504cc6-ac7e-4157-ac04-21cddc4a82f2	oryza_sativa_natelboro
ed3e4a8a-1af8-4e5b-8ba1-b592f9a11fb6	astyanax_mexicanus_pachon
68bc65fa-aad3-4a44-adc5-d05b500b52ac	homo_sapiens_gca018471345v1
c31a91a1-0e68-452a-8c98-10c383c3f98d	homo_sapiens_gca018471075v1
9d8a59db-8b9a-47cd-b137-9398c554bc73	homo_sapiens_gca018506945v1
72302b6c-69e6-49f9-9bb7-cef922e8efcd	homo_sapiens_gca018506965v1
8ee9a7bd-94b6-4f64-8097-180eb0c42eed	homo_sapiens_gca018503265v1
531ab056-b3b5-4402-bd4e-1d711dc046cb	homo_sapiens_gca018503275v1
36e70e3a-1374-452b-bd69-fcdb71e9d75c	homo_sapiens_gca018467015v1
fc3df422-514f-4b31-a9fb-a1b6ddd762d4	homo_sapiens_gca018467005v1
b9582605-8ca1-4731-a3ab-a4111b2c1c00	homo_sapiens_gca018471065v1
efb8ec1c-73aa-40e6-9280-e062f3c024ae	homo_sapiens_gca018471085v1
f00d538e-3ca6-4390-8d6f-ce99cc851162	oryzias_latipes_gca947076645v1
84af1d3c-3b8a-477d-99d2-128dbfda2e13	mus_musculus_pwkphj
889b2755-df98-40f0-bd06-47f314fd36d2	homo_sapiens_gca018466845v1
df605024-0fbb-47eb-8769-4ef47d76d04c	homo_sapiens_gca018466835v1
6bdd1367-d003-4de4-a205-ba2ca73aec4a	triticum_aestivum_jagger
c44a36bc-75f1-43dc-88ea-decc8573a850	capra_hircus
677591fe-6dc5-4daa-9e51-a3a83ae83a7d	sus_scrofa_hampshire
75040b5b-abb5-4913-8bd3-af4b4777fa87	mus_musculus_dba2j
1b5baf92-a545-4b8c-ae62-69468fecd4c4	oryzias_latipes_gca947078835v1
e355c9df-75a2-411b-a470-36897d4f1515	hordeum_vulgare
750e67f5-4811-441d-be46-a436786dfb27	aegilops_tauschii
7569f6f1-e742-4e50-a829-1e8f2dd6db87	homo_sapiens_gca018852595v1
3d5ca882-670d-4d17-85dc-15185738c40a	homo_sapiens_gca018852585v1
3b8eeeab-70e0-4200-a279-9864849556b3	homo_sapiens_gca018506125v1
2dae4886-5dca-455e-80fc-bb308ea06c93	homo_sapiens_gca018505855v1
c7d60942-b5b0-49f1-976f-8946cebd9ff1	gallus_gallus_gca000002315v5
92ae33e2-666b-4eeb-aaaf-43606315bd28	ovis_aries
bef6ae02-d671-44d1-9317-792c019ebdd1	homo_sapiens_gca018504665v1
48b1b849-3b73-4242-ae83-af2290aeb071	homo_sapiens_gca018504655v1
1bd9b3e4-3a6a-40f4-983c-bb6bf31b5e6c	oryza_sativa_lima
968e99a2-bb9b-44e9-a4ad-13c7a9672600	drosophila_melanogaster
182c2890-5c50-47f1-bbce-ad8daee14861	triticum_aestivum_kariega
87964757-f093-4380-a12b-5cf8129497d6	mus_musculus_c57bl6nj
8f301368-ae07-46c9-8497-d4465cb9a8d0	homo_sapiens_gca018469695v1
69ba5f9d-0f47-4da3-960c-9810a59ee0cd	homo_sapiens_gca018469665v1
a73357ab-93e7-11ec-a39d-005056b38ce3	triticum_aestivum
fdb145a6-bc3a-4287-9847-9b79ef23009a	oryzias_latipes_gca947078815v1
1ce32b94-d03b-49e9-9aac-fa6ce62e974f	homo_sapiens_gca018506975v1
7f26ea2b-57a2-49ba-842e-a4eb7b84b2e4	homo_sapiens_gca018506955v1
367a44b9-e61e-42ee-9c13-edeff1828e87	oryzias_latipes_gca947078855v1
52f1b3da-064d-405c-9626-d2e3f7069423	homo_sapiens_gca018470445v1
fb40b884-a08c-432d-8026-4b8cd0aec53b	homo_sapiens_gca018470435v1
eaebb454-7987-44b3-b52a-e23bf138b2fa	homo_sapiens_gca018505845v1
87089938-e674-4120-be15-ffb5ea2e990a	homo_sapiens_gca018505835v1
0b6aaf51-1909-421a-94b5-7734092f64d1	canis_lupus_familiarisgsd
f14141ae-9202-4639-a7db-6b5b4700e8fb	homo_sapiens_gca018506165v1
a2660ec1-cfc1-497b-be61-fe2c74a1ae7d	homo_sapiens_gca018506155v1
35a40586-9cb2-4d89-a7db-d00511691d09	solanum_lycopersicum
4273b9f0-c927-4215-87bf-828ef65de984	zea_mays
bcc14ae2-05ae-4db2-b92b-eef80bafd0c3	triticum_aestivum_lancer
3704ceb1-948d-11ec-a39d-005056b38ce3	homo_sapiens_37
a7335667-93e7-11ec-a39d-005056b38ce3	homo_sapiens
4b3733d3-4ee2-4847-8748-027d485a6296	cricetulus_griseus_crigri
d7691c42-2d2e-443b-8732-2f73117e6a13	sus_scrofa_largewhite
51c9bbe3-e1e2-44c6-91e0-51ee267abb1c	oryza_sativa_pr106
431b66cf-5883-42b3-97c5-7407c7d00376	homo_sapiens_gca018472725v1
60cc8eff-d99c-4c00-898f-ac75af018e4f	homo_sapiens_gca018472685v1
0b2c7451-e901-45fe-9e97-987b7e617056	astyanax_mexicanus_gca023375835v1
d46f781c-e77b-4a10-9c20-afd5ec8b2d94	oryza_sativa_liuxu
d59ff3ce-5b5a-4102-a534-980d63ce5e22	homo_sapiens_gca018469865v1
c28144ee-a635-4fb7-afb2-4cefd710d4e5	homo_sapiens_gca018469965v1
bfaa50bb-4692-4097-b1e4-aab2f856405c	gallus_gallus_gca016700215v2
eda03508-879d-4ee6-82a8-42ad68fbaf19	xenopus_tropicalis
96ff1fe8-f8d4-44b2-967b-8f7f91519400	canis_lupus_familiarisbasenji
fbbbfe0b-035d-43e5-b836-0620a9234997	brassica_rapa
b97ecd27-6fc3-47de-8816-c63a4429bda9	triticum_aestivum_refseqv2
d278fb8c-5693-482e-a97d-13b5b9d1b828	homo_sapiens_gca018504065v1
4e357550-7c34-4fb2-b766-6d803e04bc8e	homo_sapiens_gca018504075v1
48f1af8a-ee77-483a-a11a-8d1d0ef5fee3	mus_musculus_c3hhej
da9c92c2-b024-456f-9be1-d810b9c61736	sus_scrofa_jinhua
edc91aeb-288d-41fb-a137-8156bfa24f14	homo_sapiens_gca018472715v1
e0232c0a-b1fb-4f22-bdc1-bb86c5818a09	homo_sapiens_gca018472765v1
2b506a13-eba5-4248-bf22-caf774cd6e08	sus_scrofa_wuzhishan
ca0c4d80-e0e7-4d4b-920f-f88ad90ff753	equus_caballus
14fe0744-4b47-4d31-bddf-dc2b6ffc7f4e	felis_catus
16ffe817-4bc3-4452-9661-773abeb6fe76	oryza_sativa_gobolsailbalam
08c83543-c3d9-4a7a-85d8-52f75d61aab0	vitis_vinifera
d71df629-f00f-4fcd-ae9a-c2dca1eff2e1	oryzias_latipes_gca947078785v1
209b71d3-90a8-4af0-913f-6e154ba14b03	oryzias_latipes
eeefd012-fd22-4199-aee7-a45c5ccad6e1	astyanax_mexicanus_gca023375975v1
51e4f3a0-8e22-436d-ad2f-3fdd2a7e1ad7	brassica_oleracea
9dffd0e5-51c7-4abc-bb51-52cd3165babe	homo_sapiens_gca018504375v1
c1d4cef8-a96a-442e-82d4-9291f8d9d961	homo_sapiens_gca018504045v1
b2872c1d-fdf4-49b9-a4b3-a4b2119571c1	salmo_salar_gca021399835v1
30be294e-d88f-451a-a46d-a8d5230e41c6	oryza_sativa_larhamugad
ebc4a976-8daa-4d73-9424-264811baa2fb	homo_sapiens_gca018471105v1
0eece536-5bfb-442c-aaf2-d3c56cef5e75	homo_sapiens_gca018471095v1
b2e719b8-91d6-48e4-9410-bf5ec1eec1bd	homo_sapiens_gca018503255v1
ff7a2ba3-b5ce-4c24-b452-c0b56fcf16fa	homo_sapiens_gca018503285v1
cd28bb60-0077-4030-bfe5-20603ab84368	homo_sapiens_gca018470425v1
f167ff7b-e5d5-4d88-89f5-6ffab1fb343b	homo_sapiens_gca018469935v1
6c00adb0-f094-4baa-b8be-3b457e917267	homo_sapiens_gca018469405v1
cd05419f-0977-40c3-8957-fa82b5b6dbe9	homo_sapiens_gca018469675v1
dbaa4e2f-81f9-4944-a2bd-c17069b8cf1c	astyanax_mexicanus_gca019721115v1
f10945c8-6917-4e97-ae18-53f618fbfa15	homo_sapiens_gca018470455v1
5410c91b-b99d-4a7f-b25d-243b623197c9	homo_sapiens_gca018470465v1
bd3b098e-013e-4687-8d9e-72952032481e	astyanax_mexicanus
7cc4a1b6-dd69-44ad-a8f1-ae5136e6dcdd	ovis_aries_rambouillet
f3dcef8c-0a30-4db8-b2db-05f07b572395	sus_scrofa_usmarc
9a87d8bb-e7db-43f2-b6fe-49a58d8f874e	triticum_aestivum_norin61
5deea7c1-1280-41c5-b3df-cd53a686947b	oryza_sativa_chaomeo
194a8b14-dd5c-4b79-9740-1fa644a38b25	rattus_norvegicus_shrspbbbutx
f0a865a1-9e28-4a03-b758-3c9442d5f7af	astyanax_mexicanus_gca023375845v1
7cf558a0-f0d5-45ae-b21c-5e98ee6f6cd7	cricetulus_griseus_chok1gshd
963df045-925b-4839-abb6-ca2bfaf2b047	brassica_napus
a6edaf0c-daed-4f0f-8de3-f732502973b2	canis_lupus_familiaris
932f1b21-8046-46b8-8a2a-4dcb0ad55892	homo_sapiens_gca018469705v1
463be090-4560-40c6-b184-af666d265c6c	homo_sapiens_gca018469685v1
8a08b8db-ec11-4fe3-8ec2-7485ef877152	homo_sapiens_gca018471555v1
93a90edf-3f40-47cd-95ab-f0086977f3f2	homo_sapiens_gca018471545v1
80c925c8-5c7d-4757-8a04-a53d2a689719	oryza_sativa
0b534dfd-97d5-4acc-a242-f31604237a6a	macaca_mulatta
55342729-c98a-4c70-a088-76a2048dc39e	cricetulus_griseus_gca003668045v2
1cbcb690-eef2-4b69-a3da-c2db949229b7	homo_sapiens_gca018472705v1
dae26260-9e8c-4c3d-abe7-ed16e057997b	homo_sapiens_gca018472695v1
6d1fcfd8-d9ec-4874-867c-e8a7588e32fe	oryzias_latipes_gca947078795v1
48212bf1-9719-434a-84c3-1ce38c3da717	oryzias_latipes_gca947078805v1
691274c4-00a1-4ede-8bf9-1c53ccead533	homo_sapiens_gca018469945v1
75156a18-47e0-4e59-8593-eaae7829e5ba	homo_sapiens_gca018469955v1
0e1a1b4a-efe8-43cc-9220-b5d93015cba6	mus_musculus_129s1svimj
4106e9ef-1bb1-4ca4-974c-8de8875b8456	bos_taurus
041b8327-222c-4bfe-ae27-1d93c6025428	oryzias_latipes_gca002234715v1
d7ead350-309e-4821-9b7a-31d9ce8197a9	homo_sapiens_gca018466855v1
f544f1e8-1d21-4667-883b-7a6a43022962	homo_sapiens_gca018466985v1
8bce37f6-5353-4fb4-962f-f7e9a6c4303d	mus_musculus
1af9c037-5d25-4d07-9638-42ffe5c732b7	triticum_aestivum_julius
68ae7271-4b0c-44c4-9957-2f4c130ab9fc	oryza_sativa_arc
da38d82b-df50-419b-af74-886463b7bfa3	sus_scrofa
55d19691-588c-43ea-87f4-e08fa59c026a	capra_hircus_blackbengal
4c07817b-c7c5-463f-8624-982286bc4355	homo_sapiens_gca009914755v4
da1b2b5d-54cd-4c54-826d-ecb5cf27b28d	mus_musculus_casteij
b320c61b-b57d-4480-8ef3-49b7bce7ce67	sus_scrofa_meishan
f5140351-2c34-4d71-bf94-3c50ecea1617	oryza_sativa_ir64
2b2a03bf-f5dc-4350-be7f-cd7dc0e30140	mus_musculus_wsbeij
f499954c-7d95-4249-937d-e320ee5dab8d	triticum_aestivum_arinalrfor
48dd6ebd-04f4-433b-b79f-7afb752b8904	sorghum_bicolor
bc9cb479-b1e3-460b-b4ac-d20b0fe1b350	triticum_turgidum
c0410902-1007-404d-a8dd-3adee003811e	arabidopsis_thaliana
ba305820-0d8a-4f53-9326-084a1fb0ea34	salmo_salar
4c4bef1e-611a-44f2-b359-fa9a47f16252	homo_sapiens_gca018504635v1
55bd3d43-2835-4dae-90da-95ff61d5d496	homo_sapiens_gca018504625v1
c1c7302d-cd35-45d1-8281-ae337b7d1e29	hordeum_vulgare_goldenpromise
1e539c0e-df18-46aa-96eb-d8fafd40a8e6	oryza_sativa_azucena
98b39256-68d8-4b27-aea6-06b617a0e89c	oryza_sativa_mh63
3866a017-afde-4129-9ad9-cb2a513b3c90	mus_musculus_fvbnj
16859b03-caf2-4cb3-bf1d-63821c8c7e3f	triticum_aestivum_renan
2b50f9b5-8e54-4de1-9ed2-930802c6fb64	oryzias_latipes_gca947078765v1
81edb3ba-b705-4308-8849-4d986c4fa789	oryza_sativa_khaoyaiguang
52a74477-ca84-4d83-95ec-22a7418ec6a3	oryctolagus_cuniculus
b1ad20fa-57f6-47b9-8024-2a2beea11c99	oryzias_latipes_gca002234695v1
6168f66d-ca17-4f6f-bd1b-111cff90a279	oryzias_latipes_gca947078775v1
049ff3c5-a313-45e7-a712-20a402df1a2c	triticum_aestivum_mace
09f7be72-741e-4c97-a0bf-d012627590f4	pan_paniscus
a733574a-93e7-11ec-a39d-005056b38ce3	saccharomyces_cerevisiae
58324582-550a-4764-a662-e1ee263a8217	sus_scrofa_rongchang
d1d26e8d-cd86-4c69-b2d3-13bfd702b033	mus_caroli
a733550b-93e7-11ec-a39d-005056b38ce3	caenorhabditis_elegans
2897ec29-297f-4153-bcad-9e7f292495db	mus_musculus_nzohlltj
17ab5873-5000-41a8-a78d-105d01573c28	glycine_max
3fb2bed5-aecd-4e36-88f1-7a464d64515d	oreochromis_niloticus
2b8df0a0-7000-495c-a9db-a093740f0264	gallus_gallus
0cbc227a-7179-43c2-8061-a50d94423c4d	rattus_norvegicus
bea33a50-feb9-4da8-a356-4cab6322c23e	mus_pahari
7ad2bd34-57f7-45d5-a327-6cf8a4b51f5f	oryza_sativa_ketannangka
385f8f7f-00bd-42f4-b057-f04d0d1e6cb3	monodelphis_domestica
b29f62e6-992e-4049-a26b-b6bd673c51e7	danio_rerio
5d5d10b4-674d-4759-bdd1-326799391047	sus_scrofa_pietrain
638cacf2-4abb-4b98-82a8-30167732c95d	sus_scrofa_landrace
72183a10-35d4-44b8-9b95-0355f679084b	sus_scrofa_bamei
4cab66d4-bdee-418b-b47f-59793aa210af	triticum_aestivum_stanley
84a55ad8-e432-479e-919d-c31731a7d5c6	triticum_aestivum_cadenza
cca4ea2c-0c7a-48dc-a0aa-3bdd992218f4	triticum_aestivum_mattis
e013c711-e615-45bc-91de-7e2058982079	megaderma_lyra_gca004026885v1
825d7e53-8c34-42a7-83b2-196265151e88	triticum_aestivum_robigus
55c416db-7412-42b7-9437-5f6903bec65f	triticum_aestivum_paragon
49213ac1-09c3-4c42-86d7-20b2f969dddd	triticum_aestivum_weebil
84cf31e1-c6f7-48c6-b35b-f7e7b4f143b8	salmo_salar_gca923944775v1
2284d28a-2cf7-41f0-bed6-0982601f7888	canis_lupus_familiarisboxer
4d9915bc-310a-4fa4-b652-b2dbbd8912ca	solanum_tuberosum
61db3dd6-9137-4a69-9b47-be4ef1b9697c	medicago_truncatula
91b59e70-c6bd-4b9d-8ac2-89c3f2aac1cb	oryza_sativa_n22
1cda6f4c-8f49-4305-b435-5cbe00adec9a	triticum_aestivum_claire